{"cameraMode":{"drawMode":2,"name":"Shaded Wireframe","section":"Shading Mode"},"sceneLighting":true,"audioPlay":false,"sceneViewState":{"showFog":true,"showMaterialUpdate":false,"showSkybox":true,"showFlares":true,"showImageEffects":true,"showParticleSystems":true},"in2DMode":false,"pivot":{"x":45.9130859375,"y":89.97512817382813,"z":-6.518892288208008},"rotation":{"x":0.49966001510620119,"y":0.5002426505088806,"z":-0.5068943500518799,"w":0.4931079149246216},"size":924.6824951171875,"orthographic":false}