{"cameraMode":{"drawMode":2,"name":"Shaded Wireframe","section":"Shading Mode"},"sceneLighting":true,"audioPlay":false,"sceneViewState":{"showFog":true,"showMaterialUpdate":false,"showSkybox":true,"showFlares":true,"showImageEffects":true,"showParticleSystems":true},"in2DMode":false,"pivot":{"x":-15908.9912109375,"y":-66994.546875,"z":378.8999938964844},"rotation":{"x":0.04378754645586014,"y":0.9557687640190125,"z":-0.19026456773281098,"w":0.21997299790382386},"size":113.63461303710938,"orthographic":true}